{"cameraMode":{"drawMode":0,"name":"Shaded","section":"Shading Mode"},"sceneLighting":true,"audioPlay":false,"sceneViewState":{"showFog":true,"showMaterialUpdate":true,"showSkybox":true,"showFlares":true,"showImageEffects":true,"showParticleSystems":true},"in2DMode":false,"pivot":{"x":0.32988280057907107,"y":-0.7132728099822998,"z":0.635490894317627},"rotation":{"x":0.32484763860702517,"y":0.18697458505630494,"z":-0.06567924469709397,"w":0.9247704744338989},"size":1.8073949813842774,"orthographic":false}